name,research_field,topic
Taylor Reed,"FIZ-KA - Leibniz-Institut für Informationsinfrastruktur, Karlsruhe","Digital Archives, Embodied Knowledge, and the Preservation of Performance: A Study of Dance Documentation at the German Federal Archives"
Riley Jain,"HKI - Leibniz-Institut für Naturstoff-Forschung und Infektionsbiologie - Hans-Knöll-Institut, Jena",Microbial Secondary Metabolites and Narrative: Exploring Literary Representations of Fungal Discovery and Pharmaceutical Innovation.
Taylor Adams,"IÖR - Leibniz-Institut für ökologische Raumentwicklung, Dresden","Spatial Imaginaries of Ecological Transition: Narratives, Planning, and the Production of Futurity in Germany"
Devon Thomas,"IWM - Leibniz-Institut für Wissensmedien, Tübingen",Algorithmic Storytelling and the Evolution of Narrative Agency in Interactive Media.
Alex Lee,"MfN - Museum für Naturkunde - Leibniz-Institut für Evolutions- und Biodiversitätsforschung, Berlin","The Literary Ecology of Scientific Illustration: Bridging Art, Science, and Specimen Culture in the Humboldtian Tradition"
Riley Rivera,PIK - Potsdam-Institut für Klimafolgenforschung,"Narratives of Uncertainty: Climate Modeling, Public Discourse, and the Construction of Risk in the Anthropocene."
Alex Adams,"LIR - Leibniz-Institut für Resilienzforschung, Mainz",Resilience and Narrative: Constructing Collective Memory in Post-Disaster German Literature
Skyler Thomas,"SGN - Senckenberg Gesellschaft für Naturforschung, Frankfurt am Main",The Palimpsest of Extinction: Tracing Ecological Grief and Anthropocene Narratives in Scientific and Literary Responses to Megafaunal Loss.
Charlie Gonzalez,"FIZ-KA - Leibniz-Institut für Informationsinfrastruktur, Karlsruhe",Computational Ecology of Digital Archives: Representing and Analyzing Literary Networks in Early Modern English Drama
Alex Chen,"IVW - Leibniz-Institut für Verbundwerkstoffe, Kaiserslautern","Materiality, Labor, and Narrative in Composite Material Innovation."
Bailey Kumar,"IPK - Leibniz-Institut für Pflanzengenetik und Kulturpflanzenforschung, Gatersleben","The Rhetoric of Crop Improvement: Scientific Discourse, Public Perception, and the Construction of Agricultural Innovation at IPK Gatersleben."
Casey Liu,DRFZ - Deutsches Rheuma-Forschungszentrum Berlin,The Rhetoric of Embodiment: Scientific Discourse and Patient Experience in Rheumatoid Arthritis Research
Morgan Clark,DRFZ - Deutsches Rheuma-Forschungszentrum Berlin,Narrative Medicine and Autoimmune Disease: Exploring Patient Experiences at the DRFZ
Cameron Davis,PIK - Potsdam-Institut für Klimafolgenforschung,Climate Narratives and the Crisis of Expertise: A Rhetorical Analysis of IPCC Reports and Public Discourse.
Jamie Smith,"MBI - Max-Born-Institut für Nichtlineare Optik und Kurzzeitspektroskopie, Berlin",Narrative Echoes: Quantum Optics and the Poetics of Temporal Resolution.
Skyler Garcia,"IPF - Leibniz Institut für Polymerforschung, Dresden","Polymer Materialities: Poetics, Plastics, and the Anthropocene."
Morgan Adams,"IAP - Leibniz-Institut für Atmosphärenphysik an der Universität Rostock, Kühlungsborn",Aerosol-Cloud Interactions and Linguistic Representation in Climate Change Narratives.
Reese Davis,IOW - Leibniz-Institut für Ostseeforschung Warnemünde an der Universität Rostock,"Literary Cartographies of the Baltic Sea: Environment, Empire, and Affect in the Long Nineteenth Century"
Casey Lee,"IWM - Leibniz-Institut für Wissensmedien, Tübingen",The Algorithmic Construction of Narrative Authority: Exploring Interactive Storytelling and Digital Authorship at the IWM
Riley Singh,"IÖR - Leibniz-Institut für ökologische Raumentwicklung, Dresden",Environmental Narratives and the Spatial Imaginary: A Comparative Analysis of Urban Regeneration in Dresden and Leipzig.
Riley Garcia,"IPF - Leibniz Institut für Polymerforschung, Dresden",Polymeric Narratives: Material Agency and Storytelling in Contemporary Synthetic Literature.
Jamie Brooks,"ZALF - Leibniz-Zentrum für Agrarlandschaftsforschung, Müncheberg","The Agrarian Gothic: Landscape, Labor, and Speculative Futures in Post-Unification Germany"
Cameron Chen,"IOM - Leibniz-Institut für Oberflächenmodifizierung, Leipzig",Surface Modification and Literary Materialities: Exploring the Haptic in Early Modern Books
Cameron O'Hara,"FIZ-KA - Leibniz-Institut für Informationsinfrastruktur, Karlsruhe","Data Humanities and the Archive: Reconstructing German Literary Networks, 1780-1830"
Morgan Campbell,"ZALF - Leibniz-Zentrum für Agrarlandschaftsforschung, Müncheberg","The Poetics of Agricultural Transition: Narratives of Land, Labor, and Loss in Post-Socialist Rural Germany"
Sam Adams,"AIP - Leibniz Institut für Astrophysik, Potsdam",Celestial Cartography and Speculative Narratives: Mapping the Cosmos in Early Science Fiction.
Sam Brooks,"IPF - Leibniz Institut für Polymerforschung, Dresden","Polymer Narratives: Materiality, Memory, and the Construction of Technological Futures."
Jamie Adams,"SGN - Senckenberg Gesellschaft für Naturforschung, Frankfurt am Main",The Poetics of Extinction: Human-Animal Relations in Late Nineteenth-Century Natural History Narratives
Bailey Smith,"SGN - Senckenberg Gesellschaft für Naturforschung, Frankfurt am Main","The Materiality of Specimen Records: Archives, Data, and the History of Scientific Collecting at Senckenberg."
Jordan Liu,"IPHT - Leibniz-Institut für Photonische Technologien, Jena",Photonics and Poetry: Algorithmic Aesthetics in Contemporary Experimental Literature
Jamie Lee,"MfN - Museum für Naturkunde - Leibniz-Institut für Evolutions- und Biodiversitätsforschung, Berlin",The Poetics of Extinction: Speculative Realism and the Museum of Natural History.
Devon Liu,"MfN - Museum für Naturkunde - Leibniz-Institut für Evolutions- und Biodiversitätsforschung, Berlin","Speculative Narratives of Extinction: Science, Literature, and the Anthropocene at the Museum"
Dana Clark,"MBI - Max-Born-Institut für Nichtlineare Optik und Kurzzeitspektroskopie, Berlin",Spectroscopic Signatures of Ultrafast Molecular Dynamics in Functional Materials
Avery Kumar,"HKI - Leibniz-Institut für Naturstoff-Forschung und Infektionsbiologie - Hans-Knöll-Institut, Jena",Fungal Secondary Metabolites and the Literary Imagination: Bioactive Compounds as Metaphor in 19th and 20th Century Literature.
Riley Adams,"ATB - Leibniz-Institut für Agrartechnik und Bioökonomie e.V., Potsdam","Narratives of Agricultural Innovation: Technology, Expertise, and the Shaping of Sustainable Food Systems in Post-Unification Germany"
Jamie Gonzalez,"IVW - Leibniz-Institut für Verbundwerkstoffe, Kaiserslautern","Materiality, Labor, and Language: Technical Documentation in the Age of Composite Materials."
Devon Clark,"IOM - Leibniz-Institut für Oberflächenmodifizierung, Leipzig","Materiality, Language, and the Rhetoric of Surface Modification."
Riley Patel,"TIB - Leibniz-Informationszentrum Technik und Naturwissenschaften Universitätsbibliothek, Hannover",The Algorithmic Turn in Scholarly Communication: A History of Automated Indexing and Retrieval at TIB.
Dana Lee,"ZAS - Leibniz-Zentrum Allgemeine Sprachwissenschaft, Berlin",The Pragmatics of Repair in Multimodal Interaction: A Corpus-Based Study of German Sign Language
Taylor Patel,"ZALF - Leibniz-Zentrum für Agrarlandschaftsforschung, Müncheberg",Agrobiodiversity Narratives: Constructing Value and Resilience in German Agricultural Heritage.
Sam Thomas,PIK - Potsdam-Institut für Klimafolgenforschung,"Narratives of Climate Risk: Temporal Scales, Uncertainty, and the Construction of Future Selves in IPCC Reports and Related Literature."
Morgan Clark,"IPF - Leibniz Institut für Polymerforschung, Dresden","Polymer Poetics: Materiality, Language, and the Anthropocene in Contemporary Literature."
Reese Brooks,"WIAS - Weierstraß-Institut für Angewandte Analysis und Stochastik, Berlin",Computational Narratives and Algorithmic Aesthetics: Exploring Emergent Meaning in Generative Text.
Jamie Adams,"DIPF - Deutsches Institut für internationale pädagogische Forschung, Frankfurt am Main und Berlin",Negotiating Authority: Multimodal Literacies and Critical Agency in German Secondary School Digital Learning Environments.
Taylor Adams,"FIZ-KA - Leibniz-Institut für Informationsinfrastruktur, Karlsruhe",Computational Poetics and the Digital Archive: Reconstructing Affect in Early Modern Correspondence
Bailey Garcia,"IAP - Leibniz-Institut für Atmosphärenphysik an der Universität Rostock, Kühlungsborn",Aerosol-Cloud Interactions and Narrative: Representing Atmospheric Change in Contemporary Literature and Climate Science.
Robin Chen,"MBI - Max-Born-Institut für Nichtlineare Optik und Kurzzeitspektroskopie, Berlin",Spectral Interplay: Unveiling Ultrafast Dynamics in Molecular Systems through Coherent Control Spectroscopy
Alex Kumar,"TIB - Leibniz-Informationszentrum Technik und Naturwissenschaften Universitätsbibliothek, Hannover","Algorithmic Bias in Scholarly Search and Discovery: A Critical Examination of Indexing, Ranking, and Representation."
Sam Rivera,DRFZ - Deutsches Rheuma-Forschungszentrum Berlin,The Rhetoric of Pain: Embodied Experience and Scientific Discourse in Rheumatology
Dakota Rivera,PIK - Potsdam-Institut für Klimafolgenforschung,"Narratives of Climate Uncertainty: Affect, Testimony, and the Limits of Scientific Communication."
Casey Patel,"IOM - Leibniz-Institut für Oberflächenmodifizierung, Leipzig",Surface Rhetorics: Material Agency and Persuasion in Nanotechnology Discourse
Sam Adams,"WIAS - Weierstraß-Institut für Angewandte Analysis und Stochastik, Berlin",Computational Stylometrics and the Digital Archive: Quantifying Authorship and Influence in Early Modern Scientific Correspondence.
Alex Campbell,"IHP - Leibniz-Institut für innovative Mikroelektronik, Frankfurt (Oder)",The Poetics of Precision: Literature and the Microelectronics Industry in Post-Reunification Germany
Dana Reed,"FBN - Forschungsinstitut für Nutztierbiologie, Dummerstorf","Animal Narratives: Biosecurity, Risk, and Affect in Contemporary Agricultural Literature."
Cameron Singh,"AIP - Leibniz Institut für Astrophysik, Potsdam",Poetry and the Cosmos: Exploring Analogies Between Astronomical Phenomena and Poetic Form in the Early Modern Period
Jordan Jain,IOW - Leibniz-Institut für Ostseeforschung Warnemünde an der Universität Rostock,"Narratives of Environmental Change: Marine Ecosystems, Scientific Reporting, and Public Understanding in the Baltic Sea Region."
Morgan Lee,"PDI - Paul-Drude-Institut für Festkörperelektronik, Berlin","The Poetics of Materiality: Nanotechnology, Narrative, and the Anthropocene."
Morgan Adams,"HKI - Leibniz-Institut für Naturstoff-Forschung und Infektionsbiologie - Hans-Knöll-Institut, Jena","The Bioactive Potential of Fungal Secondary Metabolites: A Literary and Scientific Exploration of Ethnopharmacology, Biosynthesis, and Narrative."
Avery Flores,"IGZ - Leibniz-Institut für Gemüse- und Zierpflanzenbau, Großbeeren und Erfurt","The Botanical Archive: Horticultural Records, Scientific Discourse, and the Construction of Value in German Vegetable and Ornamental Plant Breeding."
Sam Kumar,"WIAS - Weierstraß-Institut für Angewandte Analysis und Stochastik, Berlin",Computational Narratives and Algorithmic Authorship: Towards a Theory of Literary Emergence.
Reese Thomas,"MfN - Museum für Naturkunde - Leibniz-Institut für Evolutions- und Biodiversitätsforschung, Berlin",Speculative Narratives of Extinction: Literary Ecology and the Museum as Archive
Skyler O'Hara,IFW - Leibniz-Institut für Festkörper- und Werkstoffforschung Dresden,"Material Ecologies: Poetics and Praxis in German Material Science, 1945-Present"
Sydney Davis,"IWT - Leibniz-Institut für Werkstofforientierte Technologien, Bremen","Materiality, Agency, and Affect in Contemporary Technical Literature"
Kris Brooks,"FBN - Forschungsinstitut für Nutztierbiologie, Dummerstorf","Animal Narratives: Affect, Embodiment, and the Posthuman in Livestock Representation."
Riley Jain,"GESIS - Leibniz-Institut für Sozialwissenschaften, Köln, Mannheim, Berlin",Sentiment and the Social: Computational Analysis of Affective Discourse in Post-War German Political Pamphlets.
Bailey Reed,LIAG - Institut für Angewandte Geophysik,"Seismic Narratives: Subsurface Data, Literary Representation, and the Geology of Storytelling."
Skyler Jain,LIAG - Institut für Angewandte Geophysik,"Seismic Narratives: Geophysics, Literature, and the Representation of Earth."
Riley Reed,"GESIS - Leibniz-Institut für Sozialwissenschaften, Köln, Mannheim, Berlin",Algorithmic Bias and Literary Representation: A Computational Analysis of Sentiment and Narrative in 21st-Century Fiction.
Jordan Jain,"GESIS - Leibniz-Institut für Sozialwissenschaften, Köln, Mannheim, Berlin",The Algorithmic Construction of Literary Canons: A Computational Analysis of Reception and Reputation.
Jordan Liu,"GESIS - Leibniz-Institut für Sozialwissenschaften, Köln, Mannheim, Berlin",Sentiment and Social Media: A Computational Analysis of Affective Discourse in German Political Online Communities.
Kris Jain,"FIZ-KA - Leibniz-Institut für Informationsinfrastruktur, Karlsruhe",Data's Echo: Algorithmic Bias and the Construction of Literary Canons in Digital Archives
Dana O'Hara,"ATB - Leibniz-Institut für Agrartechnik und Bioökonomie e.V., Potsdam","Agricultural Narratives: Science, Sustainability, and the Construction of Value at the ATB Potsdam"
Avery Gonzalez,IOW - Leibniz-Institut für Ostseeforschung Warnemünde an der Universität Rostock,"Translation, Mediation, and the Baltic Sea: A Literary and Environmental History."
Dana Jain,MFO - Mathematisches Forschungsinstitut Oberwolfach,"The Algorithmic Uncanny: Formal Systems, Narrative, and the Limits of Computation in 20th and 21st Century Literature."
Robin O'Hara,DRFZ - Deutsches Rheuma-Forschungszentrum Berlin,"Narratives of Pain: Embodiment, Language, and the Construction of Chronic Illness in Medical Discourse"
Taylor Thomas,INP - Leibniz-Institut für Plasmaforschung und Technologie e.V. Greifswald,"Literary Representations of Plasma Technologies: Science, Narrative, and the Anthropocene."
Robin Thomas,"MBI - Max-Born-Institut für Nichtlineare Optik und Kurzzeitspektroskopie, Berlin",Spectral Signatures of Ultrafast Molecular Dynamics in Complex Chiral Environments.
Jordan Garcia,"ZAS - Leibniz-Zentrum Allgemeine Sprachwissenschaft, Berlin",The Semantics-Pragmatics Interface in Constructed Languages: A Corpus-Based Investigation.
Sydney Liu,DRFZ - Deutsches Rheuma-Forschungszentrum Berlin,Narrative Medicine and Autoimmune Disease: Exploring Patient Experiences at the DRFZ
Riley O'Hara,"LIR - Leibniz-Institut für Resilienzforschung, Mainz",Resilience and Narrative: Reconstructing Trauma in Post-Socialist German Literature
Skyler Brooks,"HKI - Leibniz-Institut für Naturstoff-Forschung und Infektionsbiologie - Hans-Knöll-Institut, Jena",The Microbial Poetics of Secondary Metabolite Biosynthesis: A Literary and Scientific Interrogation
Robin Chen,"FIZ-KA - Leibniz-Institut für Informationsinfrastruktur, Karlsruhe",Computational Textual Analysis of Scientific Discourse in the Leibniz-Institut für Informationsinfrastruktur Archives
Charlie Jain,"GESIS - Leibniz-Institut für Sozialwissenschaften, Köln, Mannheim, Berlin",Sentiment and Social Reproduction: Analyzing Affective Language in Online Parenting Forums.
Charlie Adams,DRFZ - Deutsches Rheuma-Forschungszentrum Berlin,The Rhetoric of Pain: Embodied Experience and Scientific Discourse in Rheumatological Research
Jordan Adams,"DIPF - Deutsches Institut für internationale pädagogische Forschung, Frankfurt am Main und Berlin","Negotiating Authority: Digital Literacies, Multimodal Composition, and the Shifting Landscape of Classroom Discourse."
Morgan Jain,"IZW - Leibniz-Institut für Zoo- und Wildtierforschung, Berlin",Narrative Ecology: Animal Representation and Conservation Discourse in Post-Unification Germany
Robin Flores,MFO - Mathematisches Forschungsinstitut Oberwolfach,The Geometry of Narrative: Algorithmic Poetics and the Spatial Turn in Victorian Literature.
Casey Clark,"ZAS - Leibniz-Zentrum Allgemeine Sprachwissenschaft, Berlin",The Pragmatics of Repair in Multimodal Interaction: A Corpus Study of German Sign Language
Sam Clark,"DIPF - Deutsches Institut für internationale pädagogische Forschung, Frankfurt am Main und Berlin",Negotiating Authority: Multimodal Literacies and Critical Engagement in German Secondary School Classrooms.
Sydney Kumar,"MBI - Max-Born-Institut für Nichtlineare Optik und Kurzzeitspektroskopie, Berlin","Spectroscopic Narratives: Entanglement, Time, and the Emergence of Agency in Nonlinear Optics and Contemporary Literature."
Dakota Thomas,"IGZ - Leibniz-Institut für Gemüse- und Zierpflanzenbau, Großbeeren und Erfurt",The Botanical Archive: Cultivating Memory and Labor in Horticultural Records.
Dana Patel,"LIR - Leibniz-Institut für Resilienzforschung, Mainz",Resilience and Narrative: Exploring Affective Labor in German Post-Reunification Literature
Dakota O'Hara,"ZAS - Leibniz-Zentrum Allgemeine Sprachwissenschaft, Berlin",The Semantics of Evidentials in Multimodal Interaction: A Corpus-Driven Approach.
Devon Adams,"ZAS - Leibniz-Zentrum Allgemeine Sprachwissenschaft, Berlin",Agency and Affect in Multimodal Interaction: A Corpus-Based Analysis of German Caregiver-Child Dialogue
Bailey Smith,"ZAS - Leibniz-Zentrum Allgemeine Sprachwissenschaft, Berlin",The Pragmatics of Repair in Multimodal Interaction: A Corpus-Based Study of German Sign Language
Devon Flores,"TIB - Leibniz-Informationszentrum Technik und Naturwissenschaften Universitätsbibliothek, Hannover",The Algorithmic Construction of Scholarly Identity: Analyzing Authorial Branding in Scientific Databases.
Kris Chen,"ZAS - Leibniz-Zentrum Allgemeine Sprachwissenschaft, Berlin",The Emergence of Argumentative Stance in Multimodal Interaction: A Corpus-Based Study of German Online Debates
Kris Lee,"LIN - Leibniz-Institut für Neurobiologie, Magdeburg",Narrative Processing and Predictive Coding: A Neuro-Literary Exploration of Novel Generation in Contemporary Literature.
Morgan Campbell,"GESIS - Leibniz-Institut für Sozialwissenschaften, Köln, Mannheim, Berlin","Sentiment Analysis of Parliamentary Discourse: A Computational and Historical Approach to German Political Culture, 1949-2023"
Riley Clark,"FBN - Forschungsinstitut für Nutztierbiologie, Dummerstorf",Animal Narratives: Exploring Human-Animal Relationships Through Literary and Scientific Discourse in Post-War Germany.
Devon Jain,LIAG - Institut für Angewandte Geophysik,Seismic Narratives: Exploring Subsurface Data and Literary Representation in the Anthropocene.
Reese Smith,"TROPOS - Leibniz-Institut für Troposphärenforschung, Leipzig","The Rhetoric of Atmospheric Data: Science, Uncertainty, and Public Perception in Climate Change Communication"
Morgan Thomas,LIAG - Institut für Angewandte Geophysik,"Seismic Narratives: Ground Motion, Literary Representation, and Environmental Perception in the Anthropocene."
Devon Rivera,"IHP - Leibniz-Institut für innovative Mikroelektronik, Frankfurt (Oder)",Narratives of Automation: Human-Machine Collaboration in Post-Industrial Labor.
Jamie O'Hara,"IHP - Leibniz-Institut für innovative Mikroelektronik, Frankfurt (Oder)",Computational Poetics and Embodied Cognition in Human-Machine Collaboration: A Study of Generative Text and Neuro-Linguistic Programming in Microelectronics Design.
Riley Kumar,"IPHT - Leibniz-Institut für Photonische Technologien, Jena","Photonics and Poetics: Materiality, Representation, and the Emergence of New Literatures in the Age of Laser Technologies."
Avery Singh,"MBI - Max-Born-Institut für Nichtlineare Optik und Kurzzeitspektroskopie, Berlin",Spectroscopic Narratives: Unveiling Temporal Dynamics in Scientific Discourse Through Nonlinear Optics and Literary Analysis.
Bailey Lee,"DIPF - Deutsches Institut für internationale pädagogische Forschung, Frankfurt am Main und Berlin",Negotiating Authority: Multimodal Literacies and Critical Engagement in German Secondary English Classrooms.
Charlie Campbell,IOW - Leibniz-Institut für Ostseeforschung Warnemünde an der Universität Rostock,"The Baltic Sea as Archive: Environmental Change, Literary Representation, and the Limits of Knowledge."
Taylor Lee,"ATB - Leibniz-Institut für Agrartechnik und Bioökonomie e.V., Potsdam",Agricultural Narratives: Shaping Perceptions of Innovation and Sustainability in German Agro-Tech Discourse.
Casey Rivera,"FBH - Ferdinand-Braun-Institut, Leibniz-Institut für Höchstfrequenztechnik, Berlin","The Rhetoric of Terahertz Imaging: Science, Spectacle, and the Future of Perception."
Avery Davis,"GESIS - Leibniz-Institut für Sozialwissenschaften, Köln, Mannheim, Berlin",Algorithmic Authority and the Remaking of Literary Criticism: A Computational Analysis of Reception and Canonicity.
Riley Davis,"IAP - Leibniz-Institut für Atmosphärenphysik an der Universität Rostock, Kühlungsborn",Aerosol-Cloud Interactions and Linguistic Representation in Polar Research Narratives
Sam Brooks,"ATB - Leibniz-Institut für Agrartechnik und Bioökonomie e.V., Potsdam",Feeding Futures: Agrarian Literature and the Technological Imagination in Post-War Germany
Dakota Campbell,"WIAS - Weierstraß-Institut für Angewandte Analysis und Stochastik, Berlin",Algorithmic Creativity and the Critique of Computational Literature.
Alex Adams,IFW - Leibniz-Institut für Festkörper- und Werkstoffforschung Dresden,Materiality and Meaning: Poetic Responses to Nanotechnology at IFW Dresden
Taylor Patel,"FBH - Ferdinand-Braun-Institut, Leibniz-Institut für Höchstfrequenztechnik, Berlin","Narrative Technologies of Terahertz Imaging: Perception, Representation, and the Construction of the Invisible."
Taylor Garcia,"IGZ - Leibniz-Institut für Gemüse- und Zierpflanzenbau, Großbeeren und Erfurt","The Botanical Archive: Seeds, Memory, and the Politics of Horticultural Innovation in Germany, 1850-1950"
Avery Kumar,"IAP - Leibniz-Institut für Atmosphärenphysik an der Universität Rostock, Kühlungsborn",Acoustic Signatures of Aeolian Dust Transport: Linking Atmospheric Physics and Linguistic Semantics.
Reese O'Hara,"IKZ - Leibniz Institute für Kristallzüchtung, Berlin","Crystalline Narratives: Materiality, Memory, and the Archive in Contemporary Literature and Scientific Discourse."
Casey Kumar,"TIB - Leibniz-Informationszentrum Technik und Naturwissenschaften Universitätsbibliothek, Hannover","The Algorithmic Construction of Scholarly Identity: Data, Discourse, and Reputation in Online Research Platforms."
Dana Kumar,"ZAS - Leibniz-Zentrum Allgemeine Sprachwissenschaft, Berlin",Negotiating Normativity: Implicit Prescriptions and Variation in German Digital Discourse.
Morgan Thomas,"FIZ-KA - Leibniz-Institut für Informationsinfrastruktur, Karlsruhe","Data Humanities and the Archive: Reconstructing German Literary Networks, 1780-1830"
Jordan Reed,"IKZ - Leibniz Institute für Kristallzüchtung, Berlin","Crystalline Narratives: Materiality, Memory, and the Archive in Contemporary Literature and Scientific Discourse"
Avery Kumar,"IZW - Leibniz-Institut für Zoo- und Wildtierforschung, Berlin",Narrative Ecologies: Animal Agency and Human Storytelling in Berlin's Zoos and Wildlife Research
Charlie Adams,"IVW - Leibniz-Institut für Verbundwerkstoffe, Kaiserslautern",Material Rhetoric: Composite Narratives in Engineering Reports and Scientific Discourse
Skyler Reed,"FBN - Forschungsinstitut für Nutztierbiologie, Dummerstorf","The Rhetoric of Animal Welfare: Scientific Discourse, Public Perception, and the Construction of the Good Farm Animal."
Morgan Patel,"ATB - Leibniz-Institut für Agrartechnik und Bioökonomie e.V., Potsdam","Agricultural Narratives: Science, Technology, and the Construction of the Sustainable Farm in Post-War Germany."
Jordan Davis,LIAG - Institut für Angewandte Geophysik,Seismic Narratives: Mapping Geological Time and Human Experience in Literature and Geophysical Data.
Skyler Patel,"IVW - Leibniz-Institut für Verbundwerkstoffe, Kaiserslautern",Material Rhetorics: Technical Documentation and the Construction of Composite Expertise.
Avery Smith,IFW - Leibniz-Institut für Festkörper- und Werkstoffforschung Dresden,Materiality and Narrative in Post-Industrial Literature: Representations of Advanced Manufacturing and Labor in the Dresden Region
Cameron Smith,INP - Leibniz-Institut für Plasmaforschung und Technologie e.V. Greifswald,"Narrative Plasma: Science, Literature, and the Shaping of Technological Imagination in Post-War Germany"
Casey Jain,DRFZ - Deutsches Rheuma-Forschungszentrum Berlin,"Narratives of Pain: Embodiment, Language, and the Construction of Chronic Illness Experience."
Cameron Adams,"ISAS - Leibniz-Institut für Analytische Wissenschaften, Dortmund/Berlin","The Rhetoric of Scientific Visualization: Data, Narrative, and Authority in ISAS Research."
Reese Patel,"AIP - Leibniz Institut für Astrophysik, Potsdam","Cosmic Narratives: Literary Representations of Astronomical Discovery, 1900-1960"
Sam Chen,"ISAS - Leibniz-Institut für Analytische Wissenschaften, Dortmund/Berlin","The Materiality of Scientific Discourse: Correspondence, Instruments, and the Construction of Chemical Knowledge, 1860-1930"
Alex Chen,"IKZ - Leibniz Institute für Kristallzüchtung, Berlin","Material Narratives: Speculative Fiction, Crystal Growth, and the Anthropocene."
Robin Jain,"FIZ-KA - Leibniz-Institut für Informationsinfrastruktur, Karlsruhe","Data Ecologies of Early Digital Literature: Archives, Algorithms, and the Shaping of Literary History"
Sam Garcia,"IPF - Leibniz Institut für Polymerforschung, Dresden","Material Ecocriticism: Polymers, Waste, and the Anthropocene."
Jordan Flores,"SGN - Senckenberg Gesellschaft für Naturforschung, Frankfurt am Main",The Poetics of Extinction: Human-Animal Relations in Early Modern Natural History.
Casey Brooks,INP - Leibniz-Institut für Plasmaforschung und Technologie e.V. Greifswald,"Narrative Plasma: Science Communication, Literary Representation, and the Shaping of Public Understanding of Fusion Research."
Dakota Jain,"SGN - Senckenberg Gesellschaft für Naturforschung, Frankfurt am Main","The Materiality of Specimen Records: Archival Practices, Scientific Knowledge, and the History of Zoological Collecting at Senckenberg."
Alex O'Hara,"IPHT - Leibniz-Institut für Photonische Technologien, Jena","Narrative Light: Exploring Visualisation, Representation, and Storytelling in Contemporary Photonics Research."
Bailey Kumar,"GESIS - Leibniz-Institut für Sozialwissenschaften, Köln, Mannheim, Berlin","Sentiment and Subjectivity: A Computational Analysis of Affective Discourse in German Social Media Data, 2010-2020"
Jamie Davis,"TIB - Leibniz-Informationszentrum Technik und Naturwissenschaften Universitätsbibliothek, Hannover",The Algorithmic Construction of Authority: Scholarly Databases and the Shaping of Knowledge in the Digital Humanities
Sydney Adams,"IKZ - Leibniz Institute für Kristallzüchtung, Berlin","Crystalline Narratives: Materiality, Memory, and the Archive in Contemporary Literature and Scientific Visualization"
Alex Garcia,"FBH - Ferdinand-Braun-Institut, Leibniz-Institut für Höchstfrequenztechnik, Berlin",The Rhetoric of Scientific Instrumentation: Negotiating Expertise and Authority in Early Millimeter-Wave Research
Sam Gonzalez,"FBH - Ferdinand-Braun-Institut, Leibniz-Institut für Höchstfrequenztechnik, Berlin","The Poetics of Frequency: Signal, Noise, and the Technological Sublime in Post-War German Literature and Media."
Jordan Garcia,PIK - Potsdam-Institut für Klimafolgenforschung,"Narratives of Climate Adaptation: Mediating Risk, Responsibility, and Technological Futures in German Climate Policy Discourse."
Robin Davis,"IHP - Leibniz-Institut für innovative Mikroelektronik, Frankfurt (Oder)","The Poetics of Precision: Language, Automation, and the Human in Microelectronics."
Robin Campbell,"TIB - Leibniz-Informationszentrum Technik und Naturwissenschaften Universitätsbibliothek, Hannover","The Algorithmic Construction of Authority: Scholarly Databases and the Evolution of Citation Practices, 1966-2023"
Taylor Clark,IOW - Leibniz-Institut für Ostseeforschung Warnemünde an der Universität Rostock,"The Poetics of Marine Data: Environmental Monitoring, Scientific Language, and Literary Representation in the Baltic Sea"
Casey Kumar,"IWM - Leibniz-Institut für Wissensmedien, Tübingen",Computational Aesthetics and the Evolution of Digital Storytelling: A Study of Interactive Narrative at IWM
Robin Reed,"WIAS - Weierstraß-Institut für Angewandte Analysis und Stochastik, Berlin",Computational Narratives and Algorithmic Bias: A Literary and Data-Driven Analysis
Skyler O'Hara,"IOM - Leibniz-Institut für Oberflächenmodifizierung, Leipzig",Surface Modification and the Materiality of Language: A Rhetorical Analysis of Nanotechnology Discourse.
Robin Lee,"IKZ - Leibniz Institute für Kristallzüchtung, Berlin","Crystalline Narratives: Materiality, Memory, and the Poetics of Growth in Contemporary Literature and Scientific Discourse"
Reese Liu,"FBN - Forschungsinstitut für Nutztierbiologie, Dummerstorf",Animal Narratives: Exploring Human-Animal Relationships Through Literary and Scientific Discourse at FBN.
Dakota Rivera,IFW - Leibniz-Institut für Festkörper- und Werkstoffforschung Dresden,Materiality and Narrative in Post-Industrial Literature: Representations of Labor and Loss in Dresden
Robin Liu,"IPHT - Leibniz-Institut für Photonische Technologien, Jena","Photonic Materialities: Language, Light, and the Construction of Scientific Expertise at IPHT"
Dakota Adams,"HKI - Leibniz-Institut für Naturstoff-Forschung und Infektionsbiologie - Hans-Knöll-Institut, Jena",The Algorithmic Rhizome: Computational Approaches to Bioactive Compound Discovery and Literary Representation in Hans-Knöll-Institut Archives.
Casey Thomas,"IPF - Leibniz Institut für Polymerforschung, Dresden","Polymer Morphology and Literary Form: Materiality, Narrative, and the Postdigital Novel"
Sam Campbell,IOW - Leibniz-Institut für Ostseeforschung Warnemünde an der Universität Rostock,"Marine Narratives: Environmental Change, Scientific Discourse, and Literary Representation in the Baltic Sea Region."
Dakota Clark,"IGZ - Leibniz-Institut für Gemüse- und Zierpflanzenbau, Großbeeren und Erfurt","The Poetics of Cultivation: Language, Labor, and the Vegetable in German Agricultural Discourse, 1945-Present"
Alex Singh,"IAP - Leibniz-Institut für Atmosphärenphysik an der Universität Rostock, Kühlungsborn",Aerosol-Cloud Interactions and Linguistic Representation in Climate Change Discourse.
Casey Thomas,LIAG - Institut für Angewandte Geophysik,Seismic Narratives: Mapping Geological Time and Human Perception in Literary and Geophysical Data.
Reese Liu,"MBI - Max-Born-Institut für Nichtlineare Optik und Kurzzeitspektroskopie, Berlin",Spectral Dynamics and Information Transfer in Molecular Aggregates: A Femtosecond Spectroscopy and Computational Chemistry Approach
Charlie Brooks,"MfN - Museum für Naturkunde - Leibniz-Institut für Evolutions- und Biodiversitätsforschung, Berlin",Speculative Naturalism: Literary Ecology and the Anthropocene in German Scientific Narratives
Kris Flores,"IZW - Leibniz-Institut für Zoo- und Wildtierforschung, Berlin","Narrative Ecology: Animal Representation and Conservation Communication in German Zoos, 1900-Present"
Morgan Singh,"TIB - Leibniz-Informationszentrum Technik und Naturwissenschaften Universitätsbibliothek, Hannover",Algorithmic Bias in Scholarly Data: A Critical Examination of Discovery Systems and Digital Humanities Practices.
Reese Liu,"IÖR - Leibniz-Institut für ökologische Raumentwicklung, Dresden",Spatial Narratives of Ecological Transition: Environmental Communication and the Construction of Futures in Post-Socialist Landscapes
Riley Singh,"SGN - Senckenberg Gesellschaft für Naturforschung, Frankfurt am Main",The Poetics of Extinction: Speculative Realism and the Fossil Record at Senckenberg
Casey Patel,"IDS - Institut für Deutsche Sprache, Mannheim",The Negotiation of Authority in Contemporary German Digital Storytelling.
Jordan Jain,MFO - Mathematisches Forschungsinstitut Oberwolfach,The Algorithmic Uncanny: Sentiment Analysis and the Limits of Computational Empathy.
Reese Lee,"MBI - Max-Born-Institut für Nichtlineare Optik und Kurzzeitspektroskopie, Berlin",Spectroscopic Narratives: Temporally Resolved Language and Affect in Experimental Literature.
Robin Gonzalez,"LIR - Leibniz-Institut für Resilienzforschung, Mainz",Resilience and Narrative: Exploring Collective Memory and Future Projections in Post-Industrial Landscapes.
Sydney Flores,"IPHT - Leibniz-Institut für Photonische Technologien, Jena",Algorithmic Aesthetics: Computational Creativity and the Materiality of Light in Contemporary Poetry
Riley Patel,"DIPF - Deutsches Institut für internationale pädagogische Forschung, Frankfurt am Main und Berlin","Negotiating Authority: Children’s Literature, Multimodal Meaning-Making, and the Development of Critical Literacy in German Classrooms."
Taylor Thomas,"SGN - Senckenberg Gesellschaft für Naturforschung, Frankfurt am Main",The Poetics of Extinction: Speculative Realism and the Fossil Record
Sam Rivera,"MBI - Max-Born-Institut für Nichtlineare Optik und Kurzzeitspektroskopie, Berlin",Spectrally Resolved Ultrafast Dynamics of Molecular Chromophores in Complex Environments.
Jordan Adams,"AIP - Leibniz Institut für Astrophysik, Potsdam","Cosmic Narratives: Poetic and Scientific Representations of the Universe, 1900-Present"
Taylor Brooks,"HKI - Leibniz-Institut für Naturstoff-Forschung und Infektionsbiologie - Hans-Knöll-Institut, Jena",The Chemical Ecology of Secondary Metabolites in *Penicillium* Species: A Comparative Study Across Diverse Environments.
Charlie Rivera,"IGZ - Leibniz-Institut für Gemüse- und Zierpflanzenbau, Großbeeren und Erfurt",The Poetics of Cultivation: Plant Narratives and Ecological Subjectivity in Contemporary Literature and Horticultural Praxis
Reese Liu,"IWT - Leibniz-Institut für Werkstofforientierte Technologien, Bremen","Materiality, Agency, and the Digital Archive: Tracing the Literary Life of Industrial Alloys."
Reese Rivera,"IVW - Leibniz-Institut für Verbundwerkstoffe, Kaiserslautern","Materiality, Labor, and Language: Technical Documentation in the Age of Composite Materials."
Skyler Brooks,"IZW - Leibniz-Institut für Zoo- und Wildtierforschung, Berlin",Narrative Zoology: Human-Animal Relations and Scientific Discourse in the Leibniz-IZW's Research Archives.
Dana Brooks,"FBH - Ferdinand-Braun-Institut, Leibniz-Institut für Höchstfrequenztechnik, Berlin","Spectrographic Poetics: Materiality, Signal, and Representation in Early Radio Broadcasting."
Riley Kumar,"WIAS - Weierstraß-Institut für Angewandte Analysis und Stochastik, Berlin",Computational Stylometry and the Digital Humanities: A Bayesian Approach to Authorship Attribution in Early Modern Scientific Correspondence.
Dana Jain,"FIZ-KA - Leibniz-Institut für Informationsinfrastruktur, Karlsruhe",Data Infrastructures and the Digital Humanities: A Genealogical Study of Scholarly Practices
Charlie Lee,"IAP - Leibniz-Institut für Atmosphärenphysik an der Universität Rostock, Kühlungsborn",The Atmospheric Archive: Literary Representations of Climate Change and Scientific Data at IAP.
Riley Kumar,"IKZ - Leibniz Institute für Kristallzüchtung, Berlin","Crystalline Narratives: Materiality, Perception, and Scientific Discourse in Early Semiconductor Culture."
Bailey Adams,"IÖR - Leibniz-Institut für ökologische Raumentwicklung, Dresden",Spatial Narratives of Ecological Transition: Environmental Imaginaries in Post-Industrial Saxony
Avery Patel,"SGN - Senckenberg Gesellschaft für Naturforschung, Frankfurt am Main",The Poetics of Extinction: Environmental Narratives in Early Modern Natural History.
Sydney Patel,"MfN - Museum für Naturkunde - Leibniz-Institut für Evolutions- und Biodiversitätsforschung, Berlin","Narratives of Extinction: Science, Specimen, and Sentiment in the Age of Anthropocene."
Morgan Thomas,"ISAS - Leibniz-Institut für Analytische Wissenschaften, Dortmund/Berlin","Algorithmic Poetics: Data, Sentiment, and the Computational Turn in Early Modern English Literature."
Bailey Adams,"MBI - Max-Born-Institut für Nichtlineare Optik und Kurzzeitspektroskopie, Berlin",Spectral Signatures of Ultrafast Molecular Dynamics in Complex Chiral Environments
Robin Smith,"MfN - Museum für Naturkunde - Leibniz-Institut für Evolutions- und Biodiversitätsforschung, Berlin",The Literary Ecology of Specimenhood: Narratives of Biodiversity Research at the Museum für Naturkunde.
Robin Clark,LIAG - Institut für Angewandte Geophysik,Seismic Narratives: Exploring Geological Time and Human Understanding in Literature and Geophysical Data.
Alex Gonzalez,"IPF - Leibniz Institut für Polymerforschung, Dresden","Polymer Morphology and Narrative: Materiality, Representation, and the Shaping of Scientific Discourse."
Dana Reed,INP - Leibniz-Institut für Plasmaforschung und Technologie e.V. Greifswald,Spectral Signatures of Linguistic Drift: A Diachronic Corpus Analysis Informed by Plasma Physics Modeling.
Dakota Clark,"ISAS - Leibniz-Institut für Analytische Wissenschaften, Dortmund/Berlin",Quantitative Analysis of Affective Language in Early Modern English Medical Texts
Skyler Adams,PIK - Potsdam-Institut für Klimafolgenforschung,The Rhetoric of Climate Risk Communication: Modeling Uncertainty and Shaping Public Response
Riley Flores,"SGN - Senckenberg Gesellschaft für Naturforschung, Frankfurt am Main","The Rhetoric of Extinction: Scientific Discourse, Public Engagement, and the Anthropocene at Senckenberg"
Jamie Thomas,"PDI - Paul-Drude-Institut für Festkörperelektronik, Berlin",Materiality and Narrative in Semiconductor Literature: From Moore's Law to Speculative Fiction.
Alex Clark,"IKZ - Leibniz Institute für Kristallzüchtung, Berlin","Crystalline Narratives: Materiality, Memory, and the Archive in Contemporary Literature and Scientific Visualization."
Sydney Chen,"MBI - Max-Born-Institut für Nichtlineare Optik und Kurzzeitspektroskopie, Berlin","Spectroscopic Narratives: Entanglement, Measurement, and the Quantum Poetics of Early Science Fiction."
Avery Campbell,"ATB - Leibniz-Institut für Agrartechnik und Bioökonomie e.V., Potsdam",Agrobiodiversity Narratives: Constructing Value and Resilience in Agricultural Innovation.
Alex Clark,LIAG - Institut für Angewandte Geophysik,Seismic Narratives: Mapping Geological Time and Human Perception in Victorian Literature and Geophysics.
Devon Reed,"IÖR - Leibniz-Institut für ökologische Raumentwicklung, Dresden",Spatial Narratives of Ecological Transition: Environmental Communication and Urban Imaginaries in Post-East German Landscapes
Robin Patel,"MBI - Max-Born-Institut für Nichtlineare Optik und Kurzzeitspektroskopie, Berlin",Narrative Structures of Entanglement: Quantum Metaphor and Literary Modernism
Sam Smith,"FBH - Ferdinand-Braun-Institut, Leibniz-Institut für Höchstfrequenztechnik, Berlin",The Rhetoric of Technological Explanation: Terahertz Imaging and the Construction of Scientific Authority.
Sydney Liu,"MfN - Museum für Naturkunde - Leibniz-Institut für Evolutions- und Biodiversitätsforschung, Berlin","Narratives of Extinction: Scientific Discourse, Public Perception, and the Anthropocene in German Natural History Museums."
Charlie Liu,"IKZ - Leibniz Institute für Kristallzüchtung, Berlin",Materiality and Narrative: Tracing the Poetics of Crystal Growth in Scientific Literature and Artistic Representation.
Sydney Kumar,"ISAS - Leibniz-Institut für Analytische Wissenschaften, Dortmund/Berlin",Computational Stylistics and the Material History of Early Scientific Correspondence.
Jamie Lee,MFO - Mathematisches Forschungsinstitut Oberwolfach,The Algorithmic Uncanny: Generative Language Models and the Aesthetics of Approximation.
Alex Adams,"ZAS - Leibniz-Zentrum Allgemeine Sprachwissenschaft, Berlin",The Pragmatics of Repair in Multimodal Interaction: A Corpus Study of German Sign Language
Cameron Jain,"GESIS - Leibniz-Institut für Sozialwissenschaften, Köln, Mannheim, Berlin",Sentiment Analysis and the Evolution of Public Discourse on Climate Change: A Computational Literary Approach
Jordan Reed,"AIP - Leibniz Institut für Astrophysik, Potsdam","Cosmic Narratives: Literature, Science, and the Shaping of Astronomical Perception."
Casey Reed,"TROPOS - Leibniz-Institut für Troposphärenforschung, Leipzig",Atmospheric Narratives: Climate Change Communication and Literary Representation in the Anthropocene
Avery Jain,"HKI - Leibniz-Institut für Naturstoff-Forschung und Infektionsbiologie - Hans-Knöll-Institut, Jena",The Linguistic Ecology of Microbial Communication: A Corpus-Based Analysis of Secondary Metabolite Biosynthesis Narratives
Dana Garcia,IOW - Leibniz-Institut für Ostseeforschung Warnemünde an der Universität Rostock,"Narratives of Environmental Change: Baltic Sea Fisheries, Scientific Discourse, and Literary Representation (1950-Present)"
Casey Brooks,"FBH - Ferdinand-Braun-Institut, Leibniz-Institut für Höchstfrequenztechnik, Berlin",Narrative Resonance and Technological Mediation: Exploring the Representation of Radar and Radio Frequency Technologies in 20th and 21st Century Literature and Film.
Cameron Chen,PIK - Potsdam-Institut für Klimafolgenforschung,Narratives of Climate Futures: Modeling Uncertainty and Responsibility in IPCC Reports.
Reese Garcia,"IZW - Leibniz-Institut für Zoo- und Wildtierforschung, Berlin",Narrative Ecology and Human-Animal Relations in Wildlife Rehabilitation: A Case Study of the IZW
Dakota Garcia,LIAG - Institut für Angewandte Geophysik,Seismic Narratives: Mapping Geological Time and Human Perception in Literature and Geophysical Data.
Alex Singh,IOW - Leibniz-Institut für Ostseeforschung Warnemünde an der Universität Rostock,Maritime Ecologies of Memory: Narratives of Environmental Change in the Baltic Sea
Sydney Clark,"LIR - Leibniz-Institut für Resilienzforschung, Mainz",Resilience and Narrative: Counter-Stories of Displacement in Post-Unification Germany
Morgan Gonzalez,"ZALF - Leibniz-Zentrum für Agrarlandschaftsforschung, Müncheberg",Agricultural Narratives: Shaping Perceptions of Landscape and Labor in Post-Unification Germany
Riley Garcia,IFW - Leibniz-Institut für Festkörper- und Werkstoffforschung Dresden,"Materiality, Agency, and Algorithmic Labor in Post-Industrial Fabrication."
Reese Garcia,IOW - Leibniz-Institut für Ostseeforschung Warnemünde an der Universität Rostock,"Narratives of Marine Change: Environmental Communication, Scientific Authority, and the Baltic Sea."
Jordan Davis,"ATB - Leibniz-Institut für Agrartechnik und Bioökonomie e.V., Potsdam",Agricultural Narratives: Environmental Rhetoric and the Construction of Sustainable Food Systems in Post-Unification Germany.
Robin Davis,"GESIS - Leibniz-Institut für Sozialwissenschaften, Köln, Mannheim, Berlin",Algorithmic Bias and the Construction of Literary Canons: A Computational Analysis of JSTOR and Early Digital Humanities.
Kris Liu,"DIPF - Deutsches Institut für internationale pädagogische Forschung, Frankfurt am Main und Berlin",Negotiating Authority: Multimodal Literacies and Critical Agency in German Secondary School English Classrooms
Robin Flores,DRFZ - Deutsches Rheuma-Forschungszentrum Berlin,Narrative Resilience and Chronic Pain: Autoethnography and the Lived Experience of Rheumatoid Arthritis
Robin Davis,"ZALF - Leibniz-Zentrum für Agrarlandschaftsforschung, Müncheberg","Agricultural Narratives: Environmental Change, Rural Identity, and Literary Representation in Post-Reunification Germany"
Charlie Patel,"IVW - Leibniz-Institut für Verbundwerkstoffe, Kaiserslautern",Materiality and Narrative: Exploring Composite Structures in Contemporary Literature and Engineering.
Sam Rivera,"FIZ-KA - Leibniz-Institut für Informationsinfrastruktur, Karlsruhe","Data, Discourse, and the Digital Humanities: Shaping Scholarly Practice in the Age of Large Language Models"
Reese Adams,MFO - Mathematisches Forschungsinstitut Oberwolfach,The Algorithmic Uncanny: Computational Aesthetics and the Limits of Formalization in Early 20th-Century Modernism
Charlie Thomas,LIAG - Institut für Angewandte Geophysik,"Seismic Narratives: Ground Motion, Literary Representation, and the Anthropocene."
Jamie Liu,"AIP - Leibniz Institut für Astrophysik, Potsdam",Cosmic Narratives: Literature and the Scientific Imagination in the Age of Exoplanets
Morgan Kumar,"IWT - Leibniz-Institut für Werkstofforientierte Technologien, Bremen","Material Narratives: Fabrication, Form, and Feeling in Contemporary Literature and Industrial Process."
Riley Brooks,IOW - Leibniz-Institut für Ostseeforschung Warnemünde an der Universität Rostock,"Maritime Imaginaries and Environmental Crisis: Baltic Sea Narratives, 1900-Present"
Reese Clark,"IKZ - Leibniz Institute für Kristallzüchtung, Berlin","Crystalline Narratives: Materiality, Language, and the Poetics of Growth in Contemporary Literature and Scientific Discourse."
Alex Flores,"IHP - Leibniz-Institut für innovative Mikroelektronik, Frankfurt (Oder)","Narrative Computation and the Materiality of Microelectronics: Affect, Embodiment, and the Post-Humanist Novel"
Sam Flores,"MfN - Museum für Naturkunde - Leibniz-Institut für Evolutions- und Biodiversitätsforschung, Berlin","The Rhetoric of Extinction: Scientific Discourse, Public Perception, and the Museum as Memorial."
Cameron Kumar,"IKZ - Leibniz Institute für Kristallzüchtung, Berlin","Crystalline Narratives: Materiality, Memory, and the Archive in Contemporary Literature and Crystal Science."
Jamie Campbell,"FIZ-KA - Leibniz-Institut für Informationsinfrastruktur, Karlsruhe",Algorithmic Aesthetics and the Computational Humanities: A Critical History of Machine-Generated Poetry at FIZ-KA.
Skyler Reed,"WIAS - Weierstraß-Institut für Angewandte Analysis und Stochastik, Berlin",Algorithmic Poetics: Computational Modeling and the Future of Literary Form
Casey Lee,"AIP - Leibniz Institut für Astrophysik, Potsdam","Cosmic Narratives: Poetics and Reception of Astrophysical Imagery, 1900-Present"
Robin Flores,"IGZ - Leibniz-Institut für Gemüse- und Zierpflanzenbau, Großbeeren und Erfurt",The Rhetoric of Resilience: Horticultural Innovation and Ecological Discourse in the Leibniz-IGZ Archives
Riley Flores,"PDI - Paul-Drude-Institut für Festkörperelektronik, Berlin","Quantum Narratives: Materiality, Computation, and Speculative Fiction in the Age of Semiconductor Innovation"
